customer_id,first_name,last_name,state
1,Bradley,Stevenson,MH
2,Nina,Velazquez,CT
3,Ryan,Jackson,TX
4,Kimberly,Mejia,MT
5,Michele,Rodriguez,AS
6,Melissa,Kennedy,MT
7,Casey,Berger,MO
8,Thomas,Johnson,NV
9,Johnny,Gonzalez,MS
10,Stacy,Watson,AS
11,Jamie,Wilson,NJ
12,Brady,Schmidt,NE
13,Brian,Chung,MS
14,Jared,Mcmahon,SC
15,Michael,Salazar,RI
16,Theresa,Vazquez,CO
17,Todd,Kennedy,NH
18,Marisa,Kim,TN
19,Erin,Simmons,CO
20,Amber,Smith,IA
21,Paul,Ruiz,ME
22,Brian,Villa,DC
23,Tiffany,Frye,NY
24,Taylor,Hardy,KS
25,Heather,Levy,PR
26,Larry,Ortiz,DC
27,Amy,Mejia,IA
28,Hannah,Martin,SC
29,Anthony,Underwood,MD
30,Jason,Davis,PA
31,Amber,Pitts,IL
32,John,Wells,NE
33,Brenda,Kline,NC
34,Jennifer,Young,FM
35,Adrian,Jones,VT
36,Kristen,Woodward,VA
37,David,Moreno,MP
38,Christine,Harris,IL
39,Harold,Bell,MS
40,Scott,Khan,AS
41,Terri,Barajas,AL
42,Willie,Day,LA
43,Zachary,Nguyen,TX
44,James,Cruz,IN
45,Charles,Anderson,GU
46,Christopher,Bell,MD
47,Chase,Evans,DC
48,Kristin,Johnson,IA
49,Julie,Lee,VT
50,Danny,Thomas,MT
51,Melissa,Odom,NC
52,Renee,Green,NY
53,Jennifer,Alvarado,PW
54,Carolyn,Lara,TX
55,Jose,Cameron,WI
56,Derrick,Sandoval,NM
57,Christopher,Mccarthy,IL
58,Sherri,Cox,NH
59,James,Smith,TX
60,Morgan,Howard,OK
61,Ashley,Higgins,VI
62,Patrick,Davis,VA
63,Raymond,Smith,MP
64,Brent,Frazier,FL
65,Heather,Stewart,VA
66,Erin,Arnold,VT
67,Paula,Lopez,ND
68,James,Ward,NY
69,Paul,Hogan,OH
70,Natasha,Young,AR
71,Angela,Lozano,AK
72,Michael,Stone,DC
73,Audrey,Hamilton,AZ
74,Gregory,Burke,VI
75,Peter,Franklin,AS
76,Patricia,James,AS
77,Christopher,Sanchez,VI
78,Daniel,Roth,CA
79,Peter,Williams,PR
80,Tina,Bishop,CA
81,Michelle,Elliott,OK
82,Rachel,Molina,VI
83,Amy,Newton,WA
84,Lori,Logan,NE
85,Susan,Collier,UT
86,Linda,Ross,IN
87,Christopher,Gomez,AS
88,Cindy,Wiley,MT
89,Louis,Andrews,NE
90,Eduardo,Weber,IA
91,Vanessa,Ford,HI
92,Donna,Ramirez,CT
93,Ryan,Williams,AS
94,Tracy,Wright,MO
95,Sharon,Fischer,SC
96,Margaret,Smith,UT
97,Monique,Sanders,IA
98,Shelley,Benton,NH
99,Renee,Johnston,MN
100,Emily,Anderson,WY
101,Paul,Douglas,VT
102,Noah,Brown,NM
103,Elizabeth,Barrett,WY
104,Daniel,Jimenez,NY
105,Joseph,Fisher,AS
106,John,Johnson,DE
107,Charles,Adams,OK
108,Cynthia,Thompson,VA
109,Kayla,Yates,AZ
110,Kristen,Johnson,ME
111,Judy,Franco,RI
112,Felicia,Hendricks,IN
113,Michael,Yang,CO
114,Morgan,Smith,FM
115,Daniel,Martin,AL
116,Jennifer,Ryan,OR
117,Gabriel,Sutton,MH
118,Alexander,Blankenship,MT
119,Eric,Wade,DC
120,Alexander,Gray,NE
121,Nancy,Wilson,NY
122,Regina,Miller,DC
123,Alvin,Hill,MH
124,Caleb,Griffith,ME
125,Peter,Werner,WV
126,Eric,Smith,FM
127,Shirley,Sanders,IL
128,Lindsey,Tucker,MA
129,Mark,Dixon,NM
130,Andrew,Luna,NH
131,Hayden,Harrison,PR
132,Victor,Herring,GU
133,Kristen,Jones,GA
134,Ernest,Stephens,FM
135,Kenneth,Adams,WV
136,Angela,Davis,GU
137,William,Daniel,ID
138,Charles,Flores,DE
139,Bonnie,Stone,KY
140,Randall,Harvey,CA
141,Samuel,Shaw,OH
142,Nicole,Porter,LA
143,Steven,Cooper,NE
144,Renee,Bridges,DE
145,Mark,Rivera,MP
146,Victoria,Martinez,GU
147,Eugene,Williams,MA
148,Samuel,Edwards,ME
149,Wanda,Johnson,FL
150,Daniel,Love,NY
151,Jeffrey,Tucker,NM
152,Nancy,Howard,GU
153,James,Bentley,MI
154,Samantha,Kim,VI
155,Denise,Nunez,AR
156,Carrie,Flores,CA
157,John,Nash,NJ
158,John,Thomas,MD
159,Luke,Santos,NM
160,Carla,Davis,AK
161,Gregory,Mendez,PW
162,Darrell,Hurley,NJ
163,Steven,Parsons,VI
164,Andrew,Beasley,CA
165,Lindsay,Wheeler,MH
166,Jeffery,Jones,VT
167,Dylan,Garrett,NE
168,Stephen,White,DC
169,Jessica,Monroe,ND
170,Lorraine,Paul,TN
171,Allison,Barker,WV
172,Kristy,Clark,DC
173,Mary,Myers,MS
174,Brenda,Sawyer,FM
175,Meghan,Morton,MS
176,Zachary,Bailey,MS
177,Kimberly,Wade,KY
178,Alexis,Curtis,GA
179,Karen,Huerta,VI
180,Derek,Maldonado,PW
181,David,Bridges,CO
182,Patty,Rodriguez,GU
183,Jonathan,Le,UT
184,Cody,Meyer,VA
185,Christopher,Sawyer,GU
186,Tiffany,Leblanc,FL
187,Sydney,Sanders,MP
188,Cynthia,Graham,MH
189,Melinda,French,MH
190,Justin,Berry,AK
191,Diana,George,CT
192,Jason,Fields,SD
193,Steven,Miller,VT
194,Amanda,Dyer,WY
195,Kyle,Wilson,DE
196,Nicholas,Maddox,CT
197,Bradley,Hughes,CT
198,James,Bryant,LA
199,Tony,Copeland,SC
200,Ashley,Hopkins,DC
201,Sean,Williams,VI
202,Matthew,Hall,WA
203,David,Mcgrath,MP
204,Rodney,Thompson,KS
205,Carolyn,Hunt,NM
206,Cheryl,Mendoza,MD
207,Duane,Lewis,SD
208,Matthew,Gomez,MS
209,Kenneth,Gamble,MS
210,Nicholas,Branch,TX
211,Christopher,Brown,PW
212,Brittany,Moreno,AR
213,Belinda,Miller,MT
214,Sheri,Thompson,AR
215,Dylan,Potter,DC
216,Darren,Haas,ME
217,Elizabeth,Spencer,SD
218,Stephanie,Barker,CT
219,Anne,Ross,IN
220,Mario,Deleon,OK
221,Robert,Garcia,MH
222,Miranda,Phelps,NE
223,Timothy,Hammond,NE
224,Douglas,Chase,NJ
225,Samuel,Fields,VT
226,James,Smith,MA
227,Linda,Davis,PA
228,Michelle,Miller,MA
229,Christian,Stout,MD
230,Katherine,Hunter,CA
231,Rebecca,Garza,FM
232,Jessica,Kidd,HI
233,Daniel,Delgado,OK
234,Jill,Pacheco,NE
235,Amy,Wilson,AK
236,Mark,Alexander,TX
237,Mike,Mckay,CT
238,Jodi,Blevins,WY
239,Sarah,Santos,GU
240,Natasha,Berger,AS
241,Jeanette,Wheeler,NE
242,Lauren,Caldwell,WI
243,Eric,Carr,MA
244,Lacey,Jordan,WV
245,Paula,Castro,DC
246,Jackie,Lopez,PR
247,Michael,Cameron,WA
248,David,Smith,LA
249,Leslie,Payne,NY
250,Michael,Munoz,AL
251,Nathan,Obrien,AZ
252,Todd,Washington,HI
253,Douglas,Kennedy,OH
254,Jessica,Robinson,MH
255,Hunter,Jones,PR
256,Shannon,Steele,AL
257,Jaclyn,Wright,CA
258,Wayne,Johnson,DC
259,Deanna,Ramos,CO
260,Denise,Norton,GA
261,Nathan,Farrell,VT
262,Laura,Jones,MP
263,John,Moreno,IN
264,Lauren,Murphy,AK
265,Charles,Aguilar,CO
266,Michael,Diaz,CT
267,Melissa,Chandler,MS
268,Catherine,West,MA
269,Janice,Bowman,MD
270,Adam,Moses,WV
271,Matthew,Macias,MT
272,Lisa,Ellis,OK
273,Christopher,Jacobs,ME
274,William,White,MH
275,Molly,Maldonado,CA
276,Mary,Day,MP
277,Nina,Thomas,WV
278,Kimberly,Stewart,OR
279,Chelsea,Moore,PR
280,Angie,Gonzalez,GA
281,Derek,Scott,IL
282,Dennis,Gutierrez,OK
283,Susan,Fuller,AK
284,Heather,Gray,PR
285,Stephanie,Little,NM
286,Nicholas,Johnston,ME
287,Paul,Williams,PR
288,Tyler,Glover,MD
289,Wayne,Goodman,UT
290,Tricia,Patterson,VA
291,Amanda,Garcia,AK
292,Richard,Riggs,ID
293,Christopher,Lee,WA
294,Jose,Maldonado,AL
295,Carol,Obrien,OH
296,Ryan,Brown,NH
297,Aaron,Murphy,MH
298,Sharon,Singh,WI
299,Sheri,Rubio,KY
300,Paul,Jackson,RI
301,Adrienne,Perez,NJ
302,Thomas,Taylor,IA
303,Nicholas,Henry,AK
304,Stephanie,Moore,MH
305,Katelyn,Oneal,VA
306,Nancy,Cardenas,GU
307,Loretta,Hayes,ID
308,Brett,Ellis,MN
309,Tara,Garcia,NH
310,Thomas,Aguilar,NH
311,Rachel,Black,NV
312,Elizabeth,Barnes,MN
313,Kimberly,Lee,WY
314,Patricia,Garcia,SD
315,Tonya,Malone,ND
316,Richard,Newton,KS
317,Christy,Oconnell,AS
318,Aaron,Stafford,NH
319,John,Conway,OK
320,Maurice,Massey,SC
321,Dennis,Robinson,VA
322,Kelsey,Orozco,MS
323,Timothy,Lane,SD
324,Melissa,Horton,NV
325,Claudia,Bush,OK
326,Jennifer,King,NJ
327,Jordan,Flores,VA
328,Edwin,Mccarthy,RI
329,Richard,Manning,WY
330,Tammy,Johnson,UT
331,Stephen,Brown,MS
332,Matthew,Hayes,MN
333,David,Pacheco,PW
334,Sherri,Moore,MH
335,Elizabeth,Richmond,NE
336,Jessica,Lang,UT
337,Jessica,Hoffman,AS
338,Jon,Morris,FL
339,Matthew,Humphrey,AR
340,Kimberly,Smith,ME
341,Bradley,Williams,AL
342,Christopher,Anderson,CO
343,Laura,Dyer,WV
344,Tanner,Burke,ND
345,Amanda,Miller,NJ
346,Neil,Wilson,NJ
347,Michael,Marshall,IL
348,Timothy,Morgan,IL
349,Julie,Hill,ND
350,Gloria,Chavez,IN
351,George,Howard,HI
352,Anthony,Smith,NY
353,Frank,Mcdowell,AZ
354,Joseph,Cross,MT
355,Michael,Mejia,PR
356,Pamela,Taylor,MS
357,John,Cook,TX
358,Jimmy,Gonzalez,PW
359,Vanessa,Bailey,ND
360,Kathryn,Spencer,TX
361,Amanda,Ramirez,WV
362,Jose,Reynolds,MD
363,Miguel,Carpenter,AL
364,Sarah,Cohen,PA
365,Kyle,Faulkner,HI
366,Sandra,Byrd,WI
367,Luis,Sanders,MS
368,Madison,Singh,GA
369,Cynthia,Gonzalez,AL
370,Jeffrey,Matthews,AK
371,Eric,Hunt,KS
372,Vanessa,Mcdonald,NC
373,Cheryl,Snow,MP
374,Frank,Schroeder,AR
375,Teresa,Prince,MD
376,Melissa,Green,SC
377,Sharon,Guerrero,AL
378,Emily,Young,AR
379,Kathleen,Young,OK
380,Charlene,Chaney,DC
381,Joseph,Miller,FL
382,Mark,Parker,ID
383,Juan,Smith,DE
384,Jenna,Reed,OK
385,Lisa,Smith,ND
386,Deanna,Snyder,DE
387,Kathy,Pineda,FL
388,Leslie,Santana,AK
389,Daniel,Richard,WY
390,Tara,Underwood,NC
391,Amy,Brooks,OK
392,Meredith,Whitaker,MO
393,Bonnie,Peck,IA
394,Jacqueline,Rose,RI
395,William,Hatfield,ND
396,Matthew,Fernandez,MP
397,Megan,Graham,MI
398,Robert,Hale,TX
399,Sarah,Rush,PR
400,John,Ford,NJ
401,Megan,Edwards,VI
402,Michael,Mcgee,WY
403,Carlos,May,LA
404,Heather,Jordan,NJ
405,Calvin,Foster,MA
406,Jeffrey,Todd,WI
407,Mark,Obrien,CT
408,Lisa,Sullivan,AL
409,Colin,Skinner,MN
410,Kimberly,Andrews,MP
411,Christopher,Dominguez,AR
412,Raymond,Massey,GU
413,Trevor,Andrews,MN
414,Gabriela,Griffin,UT
415,Jonathan,Gray,TX
416,Kathy,Cunningham,VI
417,Patricia,Kim,NJ
418,Ariel,Gonzalez,HI
419,Ann,Graham,CA
420,Gary,Richards,LA
421,Karen,Perez,CA
422,Lindsey,Jones,NM
423,Justin,Wu,KY
424,Denise,Carter,VI
425,Theresa,Hamilton,GU
426,Derek,Kim,VI
427,Brandi,Rich,NY
428,Jerry,Morris,CA
429,Aaron,Jackson,OH
430,Sierra,Alexander,RI
431,Christopher,Stewart,KY
432,Chad,Hancock,ID
433,James,Patterson,TX
434,Robert,Johnson,OR
435,Julie,Conner,ID
436,Curtis,Logan,UT
437,Sandra,Simon,TX
438,Gary,Strickland,NE
439,Sharon,White,GU
440,Emma,Yates,SD
441,Paula,Henderson,RI
442,Kathy,Gibson,DC
443,Brenda,Garcia,NM
444,Shelby,Vaughan,PW
445,Lee,Owens,AL
446,Lisa,Stevens,FM
447,Jonathan,Myers,OR
448,Judy,Erickson,KY
449,Brian,Parker,WA
450,Amber,Lara,LA
451,Stacey,Evans,IN
452,Theresa,Lawson,IN
453,Ashley,Tapia,KY
454,James,Hernandez,NC
455,Denise,Stone,VA
456,John,May,NV
457,Jason,Garner,KY
458,Jeffrey,Black,NH
459,Caitlyn,Sellers,RI
460,Aaron,Larsen,PW
461,Dorothy,Freeman,KS
462,James,Johnson,MA
463,Andrew,Koch,KY
464,Kara,Richardson,AS
465,Brian,Brown,AR
466,Robert,Bruce,NE
467,Eduardo,Perez,WV
468,Maria,Harvey,LA
469,Kari,Kennedy,NH
470,Amy,Johnson,AK
471,Jesus,Scott,VT
472,Laurie,Wallace,GA
473,Daniel,Foster,TX
474,David,Harrison,CA
475,Emily,Cline,MT
476,Michael,Coleman,OR
477,Billy,Aguilar,NE
478,Jacob,Vaughn,GU
479,James,Briggs,ND
480,Diane,Zuniga,MT
481,Dana,Maxwell,LA
482,Megan,Keller,PA
483,Peggy,Thompson,IA
484,Christina,Wells,NY
485,David,Roberts,MD
486,Lynn,Wilson,VI
487,Andrew,Gregory,OR
488,Amy,Salas,AZ
489,Christopher,Rodriguez,IA
490,Jesus,Hoffman,MN
491,David,Johnson,KY
492,Kevin,Ellis,MN
493,David,Williams,GA
494,Edward,King,MA
495,Steven,Rowe,CA
496,Rebecca,Kelly,VA
497,Stephanie,Smith,PW
498,Tyler,Williamson,NJ
499,Emily,Morris,NY
500,Timothy,Cameron,WA
501,Amy,Schroeder,OH
502,Shane,Davis,OK
503,Brian,Spencer,NY
504,Catherine,Robinson,ND
505,Jennifer,Smith,CT
506,Carol,Jensen,GU
507,James,Smith,WI
508,Karen,Mason,AR
509,Sara,Lopez,IA
510,Christopher,Brown,IN
511,Johnny,Lynch,AL
512,Luis,Donovan,NY
513,Alex,Owens,MI
514,Lisa,Houston,NV
515,Sarah,Cruz,FM
516,Jessica,Larson,MN
517,Stephanie,Logan,MD
518,Jessica,Chambers,AS
519,Janet,Hill,MP
520,Michael,Blake,WV
521,Curtis,Vega,KS
522,Miranda,Ramirez,AK
523,Stacey,Long,CA
524,Caitlin,Olson,MH
525,Cheryl,Juarez,MI
526,Wayne,Johnson,IN
527,Erin,Martin,WI
528,Thomas,Castillo,OR
529,William,Miller,NE
530,Brooke,Black,AZ
531,Adam,Pope,NV
532,Richard,Davis,MN
533,William,Hill,PR
534,Julie,Brown,AS
535,Tracey,Lewis,IL
536,Nicole,Boyd,VA
537,Wanda,Murray,GA
538,Keith,Yoder,CO
539,Christina,Young,SD
540,Martin,Proctor,MP
541,Linda,Mccoy,IA
542,Loretta,Wilson,NH
543,Joseph,Martinez,AS
544,Mary,Parrish,AK
545,Paula,Rodriguez,AK
546,Michele,Hill,KY
547,Jessica,Love,OH
548,Kristina,Gill,NJ
549,Christopher,Howell,WY
550,Julie,Mercer,RI
551,Michael,Baker,MT
552,Deborah,Davidson,NH
553,Crystal,Shelton,AR
554,Gordon,Reed,NJ
555,Ashley,Fox,ME
556,Brandon,Williams,AR
557,Bill,Johnson,IL
558,Kimberly,Ellis,SC
559,Sheena,Holland,IA
560,Melissa,Powell,MP
561,Thomas,Robinson,IL
562,James,Carter,TN
563,Sheila,Mason,MN
564,Kathy,Miller,MH
565,Randy,Moore,ID
566,Spencer,Sanchez,DC
567,Anthony,Wilson,VT
568,Elizabeth,Taylor,PW
569,Sara,Parker,HI
570,James,Elliott,IL
571,Beth,Kelly,OH
572,Dominique,Andrade,CA
573,Scott,Suarez,KS
574,Tracy,Lowery,NY
575,Tanya,Wagner,FM
576,Angela,Schneider,SC
577,Kiara,Williams,TN
578,Daniel,Williams,UT
579,Brian,Scott,HI
580,Mary,Lam,AR
581,Patricia,Lester,MT
582,Christopher,Robertson,WV
583,Laurie,Melendez,NH
584,Christy,Schroeder,AZ
585,Sarah,Gibson,AL
586,Cory,Gilmore,NY
587,Eric,Perkins,IA
588,Emily,Mccall,MI
589,Scott,Brown,WA
590,Dylan,Lutz,SD
591,Robert,Jones,NJ
592,Tamara,Clark,VT
593,Gary,Henderson,MO
594,Anne,Carter,IA
595,Justin,Bailey,ME
596,Jeffrey,Ferguson,MA
597,Melinda,Bush,NH
598,Christina,Higgins,NY
599,Jeremy,Singh,NE
600,Nicole,Mckinney,TN
601,Casey,Boone,VT
602,Joseph,Cruz,SC
603,Kelli,Nguyen,MP
604,Robert,Bryant,RI
605,Sabrina,Hubbard,IA
606,Beverly,Kane,FM
607,Nancy,Woods,MS
608,Ronnie,Campbell,MA
609,Jose,Cortez,MN
610,Rachel,Clarke,PR
611,Anna,Wyatt,AL
612,Amber,Lee,OR
613,Kim,Myers,AK
614,Bobby,Drake,AS
615,Monique,Lewis,CO
616,Joseph,Smith,MD
617,Angela,Taylor,WI
618,Brianna,Rogers,OH
619,Catherine,Davis,MA
620,Scott,Ayers,NJ
621,Pamela,Scott,WY
622,Eileen,Garcia,KY
623,Jonathan,Cordova,GA
624,James,Hughes,PW
625,Marc,Cox,MO
626,Lee,Cobb,MP
627,Thomas,Perry,OH
628,Margaret,Love,PR
629,Andrew,Richards,RI
630,Zachary,Jackson,ID
631,Lonnie,Miller,AZ
632,Stephanie,Gray,VT
633,Jonathan,Molina,AK
634,Troy,Davis,TX
635,Jason,White,WV
636,Julie,Brown,MP
637,Erin,Osborn,AR
638,Michelle,Hamilton,ND
639,Raven,Chan,MD
640,Steve,Middleton,NJ
641,Tammy,Andrews,NV
642,Craig,Hester,OK
643,Anthony,Sosa,VA
644,Shawn,Bates,UT
645,Veronica,Soto,OH
646,Christopher,Nguyen,AL
647,Vanessa,Hernandez,WA
648,Katelyn,Huynh,PA
649,Greg,Griffin,PA
650,Robert,Lin,MS
651,Travis,Miller,NY
652,Raymond,Petersen,VA
653,Tracy,Booth,MO
654,Kelly,Walker,KS
655,Todd,Barnett,OK
656,Jennifer,Brooks,MN
657,Joel,Blackwell,UT
658,Tyler,Baker,CO
659,Edward,Salazar,MN
660,Judy,Robertson,IL
661,Walter,Thomas,GA
662,Larry,Gould,CA
663,Erik,Scott,NM
664,Emily,Perez,RI
665,Andrew,Hall,PW
666,John,Meadows,AL
667,Zachary,Jackson,DE
668,Kayla,Davidson,NE
669,David,Wilkins,WA
670,Darrell,Romero,DE
671,Richard,Smith,IA
672,Jay,Reyes,OR
673,James,Harris,TN
674,Alfred,Norton,MH
675,Jose,Brown,WA
676,Trevor,Trujillo,NM
677,Tamara,Simmons,CA
678,Deborah,Grimes,FM
679,Michele,Anderson,IN
680,Shawn,Hale,VT
681,Timothy,Andrade,ND
682,Tracey,Figueroa,MA
683,Brooke,Harmon,MO
684,David,Graham,MP
685,Felicia,Underwood,GU
686,Susan,Kim,MI
687,Jason,Fletcher,AL
688,Bradley,Turner,NH
689,Eric,Ramos,MD
690,Karen,Davis,UT
691,William,Ramos,CA
692,Cynthia,Jones,SD
693,Tyler,Zamora,NC
694,Christopher,Bates,IN
695,Mary,Miller,HI
696,Jerry,Deleon,MS
697,Scott,Obrien,KY
698,Colleen,Gonzalez,FL
699,Scott,Smith,VT
700,Kristy,Wells,WV
701,Kelly,Boyd,MP
702,Dale,Jones,SC
703,Hannah,Fields,OH
704,Patrick,Buchanan,WY
705,Jacob,Ramirez,VT
706,James,Luna,NH
707,Cody,Miller,DC
708,Albert,Payne,MI
709,Marcus,Reynolds,NM
710,Earl,Campbell,OK
711,Savannah,Chambers,NH
712,Jimmy,Gonzalez,NV
713,Christopher,Coleman,MT
714,Mark,Cameron,GA
715,Allen,Dillon,CA
716,Benjamin,Bush,PA
717,Heather,Mueller,IA
718,Andrew,Espinoza,VT
719,Joseph,Good,NE
720,Kimberly,Fuller,RI
721,Robert,Shields,IN
722,Tamara,Price,PR
723,Anthony,Cox,DC
724,Jennifer,Cunningham,MS
725,Jimmy,Villarreal,AZ
726,Bridget,Carter,NE
727,Evan,Robinson,UT
728,William,Cruz,GU
729,Timothy,Hernandez,GU
730,Nicole,Roberts,OK
731,Shirley,Diaz,KY
732,Amanda,Allen,NJ
733,Kenneth,Potter,MO
734,Janet,Weber,NC
735,Deborah,Williams,DC
736,Tyrone,Lloyd,NY
737,Donald,Zimmerman,VT
738,Gary,Kelly,NM
739,Nicholas,Baker,LA
740,Amanda,Smith,MI
741,Suzanne,Roberts,FM
742,Matthew,Good,TX
743,Cheryl,Underwood,PR
744,Aaron,Johnson,CA
745,Patrick,Carroll,CA
746,Jessica,Shah,WI
747,Kristen,Flores,IN
748,Robert,Clark,IL
749,Justin,Butler,MO
750,Anthony,Bridges,KY
751,Henry,Duarte,GU
752,Michelle,Winters,UT
753,Randall,Avila,TN
754,Brady,White,NY
755,Tami,Baldwin,SD
756,Patricia,Alexander,GA
757,Shannon,Johnson,WV
758,Jacob,Henry,AL
759,Austin,Martin,MP
760,Carrie,Trujillo,AZ
761,Mary,Le,MN
762,Melinda,Ramos,ND
763,Henry,Meza,NV
764,Jason,Bryant,WI
765,Charles,Gonzalez,UT
766,Walter,Marsh,NH
767,Amanda,Brown,ME
768,Jacob,Powell,FL
769,Jennifer,Murphy,MH
770,Richard,Hansen,NY
771,Carolyn,Hill,LA
772,Kaitlin,Pham,DE
773,Andrew,Schneider,IN
774,James,Benjamin,NM
775,Connor,Meyers,AR
776,Deborah,Smith,SC
777,Kelly,King,NH
778,Melanie,Gonzalez,WY
779,Charles,Chandler,WI
780,Susan,Munoz,CO
781,Morgan,Tran,NV
782,Jason,Moore,HI
783,Joseph,Holt,CO
784,Tiffany,Williams,MI
785,Ronald,Nichols,NC
786,Christian,Gordon,OR
787,David,Smith,CO
788,Andrew,Watson,LA
789,Ashley,Roberts,NY
790,Jeremy,Kelly,MI
791,Randy,Freeman,UT
792,Christopher,Farmer,TX
793,Anthony,Dennis,GU
794,Javier,Adams,MD
795,Kenneth,Santana,WV
796,Deanna,Norris,NC
797,Vincent,Mcpherson,ME
798,James,Byrd,AK
799,John,Obrien,ID
800,Whitney,Barron,FL
801,Jennifer,Hendrix,GA
802,Jessica,Jones,AZ
803,Tony,Smith,MT
804,Daniel,Rodriguez,GU
805,Carol,Lynch,MP
806,Marc,Price,RI
807,Jennifer,Rowe,MT
808,Michael,Bauer,PA
809,Monique,Navarro,CT
810,Michelle,Burnett,AZ
811,Heather,Hawkins,TN
812,Kimberly,Moses,ME
813,Daniel,Moyer,LA
814,Lisa,Ramirez,FL
815,Anne,Smith,OK
816,Rebecca,Turner,CT
817,Sarah,Chaney,NJ
818,Christopher,Mitchell,AZ
819,Mike,Little,GU
820,John,Dean,AL
821,Scott,Rivera,AR
822,Dawn,Cross,DE
823,Hannah,Woodard,IL
824,Deborah,Flowers,NJ
825,Nathan,Brooks,NJ
826,Scott,Webb,FL
827,William,Gilbert,IL
828,Donna,Turner,NE
829,Mike,Gillespie,NY
830,Caitlin,Pennington,AL
831,Angela,Brandt,TN
832,Amy,Ruiz,RI
833,James,Padilla,MO
834,James,Fitzgerald,SD
835,Kimberly,Garcia,MT
836,Travis,Benson,UT
837,Christina,Chapman,MD
838,Laura,Owens,NM
839,Melissa,Campbell,KS
840,Courtney,Nguyen,VA
841,Joshua,Kline,HI
842,Joshua,Cole,PA
843,Cody,King,MO
844,Linda,Vargas,DC
845,Shelia,Mccoy,LA
846,Ronald,Booth,AR
847,Brent,Davies,OH
848,James,Bruce,ID
849,Brittany,Wolfe,ND
850,Paula,Jenkins,IA
851,Donna,Evans,ND
852,Rachel,Howell,WV
853,Christopher,Christian,SC
854,Tara,Jackson,TN
855,Samantha,Dillon,MP
856,Joel,Lozano,NY
857,Sarah,Johnson,AK
858,Gloria,Weiss,PW
859,Austin,Bird,NJ
860,Carolyn,Garcia,MI
861,Sharon,Mathews,GA
862,Karen,Villarreal,DE
863,Scott,Evans,NJ
864,Allen,Woods,LA
865,Wendy,Arnold,AK
866,Kara,Sullivan,NV
867,Sara,Little,AK
868,Grace,Pitts,IN
869,Michael,Mclaughlin,NE
870,Brian,Murray,WV
871,Rachel,Rodriguez,DE
872,Anthony,Glass,AK
873,Caitlin,Morgan,LA
874,Veronica,Gonzalez,NH
875,Lee,Heath,TN
876,Patricia,Moore,MH
877,Jennifer,Montgomery,MD
878,James,Clayton,WV
879,Aaron,Lewis,ME
880,Sandra,Davenport,RI
881,David,White,PR
882,Shelly,Mejia,TN
883,Blake,George,NE
884,Laura,Garcia,SD
885,Katherine,Hunt,WV
886,Carlos,Pham,CA
887,Megan,Smith,HI
888,Stephen,Byrd,TX
889,Deborah,Browning,MH
890,Katherine,Trevino,GU
891,Sherry,Jones,WV
892,Sean,Lewis,MD
893,Thomas,Mejia,MP
894,Elizabeth,Hernandez,NY
895,Jessica,Harris,WV
896,Carolyn,Harding,OH
897,Brittany,Guerra,MI
898,Heather,Walker,LA
